{
   "entries": {"resourceKind": [{
      "resourceKindKey": "HostSystem",
      "internalId": "resourceKind:id:0_::_",
      "adapterKindKey": "VMWARE"
   }]},
   "dashboards": [{
      "shared": false,
      "temporary": false,
      "hidden": false,
      "creationTime": 1747047027809,
      "autoswitchEnabled": false,
      "importAttempts": 0,
      "lastUpdateUserId": "4a6fa372-7677-47f6-b14f-5119df0ca7a5",
      "columnProportion": "1-1",
      "importComplete": true,
      "description": "",
      "columnCount": 1,
      "widgets": [
         {
            "collapsed": false,
            "id": "b94620b4-5ddc-49f8-ad8a-8dc886761177",
            "gridsterCoords": {
               "w": 4,
               "x": 1,
               "h": 6,
               "y": 1
            },
            "type": "AlertList",
            "title": "Alert List",
            "config": {
               "alertImpact": [],
               "alertAction": [],
               "refreshInterval": 60,
               "resource": [],
               "refreshContent": {"refreshContent": true},
               "relationshipMode": {"relationshipMode": [
                  -1,
                  0
               ]},
               "criticalityLevel": [],
               "title": "Alert List",
               "type": [],
               "mode": "all",
               "filterMode": "tagPicker",
               "tagFilter": null,
               "alertDefinitions": [],
               "depth": 1,
               "customFilter": {
                  "filter": [],
                  "excludedResources": null,
                  "includedResources": null
               },
               "selfProvider": {"selfProvider": false},
               "state": [],
               "status": []
            },
            "height": 324,
            "states": [
               {
                  "value": "s%3ADEFINITION",
                  "key": "permViewMode_widget_3c59d202-a6d9-4bad-bd67-691e1ada6a42_b94620b4-5ddc-49f8-ad8a-8dc886761177"
               },
               {
                  "value": "o%3Acolumns%3Da%253Ao%25253Aid%25253Ds%2525253Ah16%255Eo%25253Aid%25253Ds%2525253Ah1%25255Ehidden%25253Db%2525253A1%25255Ewidth%25253Dn%2525253A100%255Eo%25253Aid%25253Ds%2525253Ah2%255Eo%25253Aid%25253Ds%2525253Ah3%255Eo%25253Aid%25253Ds%2525253Ah4%255Eo%25253Aid%25253Ds%2525253Ah5%255Eo%25253Aid%25253Ds%2525253Ah6%255Eo%25253Aid%25253Ds%2525253Ah7%25255Ehidden%25253Db%2525253A1%255Eo%25253Aid%25253Ds%2525253Ah8%25255Ehidden%25253Db%2525253A1%255Eo%25253Aid%25253Ds%2525253Ah9%25255Ehidden%25253Db%2525253A1%255Eo%25253Aid%25253Ds%2525253Ah10%25255Ehidden%25253Db%2525253A1%255Eo%25253Aid%25253Ds%2525253Ah11%255Eo%25253Aid%25253Ds%2525253Ah12%255Eo%25253Aid%25253Ds%2525253Ah13%25255Ehidden%25253Db%2525253A1%255Eo%25253Aid%25253Ds%2525253Ah14%25255Ehidden%25253Db%2525253A1%255Eo%25253Aid%25253Ds%2525253Ah15%25255Ehidden%25253Db%2525253A0%5EstoreState%3Do%253Asorters%253Da%25253Ao%2525253Aroot%2525253Ds%252525253Adata%2525255Eproperty%2525253Ds%252525253AalertLevel%2525255Edirection%2525253Ds%252525253ADESC%2525255Eid%2525253Ds%252525253AalertLevel",
                  "key": "permAlertGrid_perm_widget_3c59d202-a6d9-4bad-bd67-691e1ada6a42_b94620b4-5ddc-49f8-ad8a-8dc886761177"
               },
               {
                  "value": "s%3A%7B%22dateRange%22%3A%22last30Days%22%2C%22dateFrom%22%3Anull%2C%22dateTo%22%3Anull%2C%22timeFrom%22%3Anull%2C%22timeTo%22%3Anull%7D",
                  "key": "permDateFilter_widget_3c59d202-a6d9-4bad-bd67-691e1ada6a42_b94620b4-5ddc-49f8-ad8a-8dc886761177"
               }
            ]
         },
         {
            "collapsed": false,
            "id": "2db15fac-5fd2-42ef-92fb-8ba66ebec671",
            "gridsterCoords": {
               "w": 8,
               "x": 5,
               "h": 10,
               "y": 1
            },
            "type": "Scoreboard",
            "title": "Scoreboard",
            "config": {
               "maxCellCount": 100,
               "oldMetricValues": false,
               "relationshipMode": {"relationshipMode": 0},
               "valueSize": 24,
               "title": "Scoreboard",
               "boxHeight": null,
               "showResourceName": {"showResourceName": false},
               "roundDecimals": null,
               "mode": {"layoutMode": "fixedView"},
               "labelSize": 16,
               "customFilter": {
                  "filter": [],
                  "excludedResources": null,
                  "includedResources": null
               },
               "selfProvider": {"selfProvider": false},
               "resInteractionMode": null,
               "visualTheme": 6,
               "showMetricName": {"showMetricName": true},
               "refreshInterval": 60,
               "resource": [],
               "showDT": {"showDT": false},
               "refreshContent": {"refreshContent": true},
               "showMetricUnit": {"showMetricUnit": true},
               "depth": 1,
               "metric": {
                  "mode": "resourceKind",
                  "resourceMetrics": [],
                  "resourceKindMetrics": [
                     {
                        "yellowBound": null,
                        "metricUnitId": -1,
                        "metricName": "CPU|Ready",
                        "metricKey": "cpu|ready_summation",
                        "handleOldColoring": false,
                        "link": "",
                        "resourceKindName": "Host System",
                        "isStringMetric": false,
                        "resourceKindId": "resourceKind:id:0_::_",
                        "orangeBound": null,
                        "unit": "Auto",
                        "redBound": null,
                        "id": "extModel21842-1",
                        "colorMethod": 1
                     },
                     {
                        "yellowBound": null,
                        "metricUnitId": -1,
                        "metricName": "CPU|Capacity Usage",
                        "metricKey": "cpu|capacity_usagepct_average",
                        "handleOldColoring": false,
                        "link": "",
                        "resourceKindName": "Host System",
                        "isStringMetric": false,
                        "resourceKindId": "resourceKind:id:0_::_",
                        "orangeBound": null,
                        "unit": "Auto",
                        "redBound": null,
                        "id": "extModel27383-1",
                        "colorMethod": 1
                     },
                     {
                        "yellowBound": null,
                        "metricUnitId": -1,
                        "metricName": "CPU|Contention",
                        "metricKey": "cpu|capacity_contentionPct",
                        "handleOldColoring": false,
                        "link": "",
                        "resourceKindName": "Host System",
                        "isStringMetric": false,
                        "resourceKindId": "resourceKind:id:0_::_",
                        "orangeBound": null,
                        "unit": "Auto",
                        "redBound": null,
                        "id": "extModel27383-2",
                        "colorMethod": 1
                     },
                     {
                        "yellowBound": null,
                        "metricUnitId": -1,
                        "metricName": "CPU|Demand",
                        "metricKey": "cpu|demandPct",
                        "handleOldColoring": false,
                        "link": "",
                        "resourceKindName": "Host System",
                        "isStringMetric": false,
                        "resourceKindId": "resourceKind:id:0_::_",
                        "orangeBound": null,
                        "unit": "Auto",
                        "redBound": null,
                        "id": "extModel27383-3",
                        "colorMethod": 1
                     },
                     {
                        "yellowBound": null,
                        "metricUnitId": -1,
                        "metricName": "CPU|Co-stop",
                        "metricKey": "cpu|costop_summation",
                        "handleOldColoring": false,
                        "link": "",
                        "resourceKindName": "Host System",
                        "isStringMetric": false,
                        "resourceKindId": "resourceKind:id:0_::_",
                        "orangeBound": null,
                        "unit": "Auto",
                        "redBound": null,
                        "id": "extModel27383-8",
                        "colorMethod": 1
                     },
                     {
                        "yellowBound": null,
                        "metricUnitId": -1,
                        "metricName": "CPU|Workload",
                        "metricKey": "cpu|workload",
                        "handleOldColoring": false,
                        "link": "",
                        "resourceKindName": "Host System",
                        "isStringMetric": false,
                        "resourceKindId": "resourceKind:id:0_::_",
                        "orangeBound": null,
                        "unit": "Auto",
                        "redBound": null,
                        "id": "extModel27383-7",
                        "colorMethod": 1
                     },
                     {
                        "yellowBound": null,
                        "metricUnitId": -1,
                        "metricName": "CPU|Swap Wait",
                        "metricKey": "cpu|swapwait_summation",
                        "handleOldColoring": false,
                        "link": "",
                        "resourceKindName": "Host System",
                        "isStringMetric": false,
                        "resourceKindId": "resourceKind:id:0_::_",
                        "orangeBound": null,
                        "unit": "Auto",
                        "redBound": null,
                        "id": "extModel27383-6",
                        "colorMethod": 1
                     },
                     {
                        "yellowBound": null,
                        "metricUnitId": -1,
                        "metricName": "CPU|Other Wait",
                        "metricKey": "cpu|iowait",
                        "handleOldColoring": false,
                        "link": "",
                        "resourceKindName": "Host System",
                        "isStringMetric": false,
                        "resourceKindId": "resourceKind:id:0_::_",
                        "orangeBound": null,
                        "unit": "Auto",
                        "redBound": null,
                        "id": "extModel27383-4",
                        "colorMethod": 1
                     },
                     {
                        "yellowBound": null,
                        "metricUnitId": -1,
                        "metricName": "CPU|Total Wait",
                        "metricKey": "cpu|wait",
                        "handleOldColoring": false,
                        "link": "",
                        "resourceKindName": "Host System",
                        "isStringMetric": false,
                        "resourceKindId": "resourceKind:id:0_::_",
                        "orangeBound": null,
                        "unit": "Auto",
                        "redBound": null,
                        "id": "extModel27383-5",
                        "colorMethod": 1
                     },
                     {
                        "yellowBound": null,
                        "metricUnitId": -1,
                        "metricName": "vSAN|Performance|CPU|Ready",
                        "metricKey": "vsan|performance|vsancpu|readyPct",
                        "handleOldColoring": false,
                        "link": "",
                        "resourceKindName": "Host System",
                        "isStringMetric": false,
                        "resourceKindId": "resourceKind:id:0_::_",
                        "orangeBound": null,
                        "unit": "Auto",
                        "redBound": null,
                        "id": "extModel27383-9",
                        "colorMethod": 1
                     }
                  ],
                  "subMode": "resourceKindAll"
               },
               "showSparkline": {"showSparkline": false},
               "boxColumns": 4,
               "periodLength": null
            },
            "height": 552
         },
         {
            "collapsed": false,
            "id": "29dd9c42-9fbb-43ce-90dd-b079b1313911",
            "gridsterCoords": {
               "w": 4,
               "x": 1,
               "h": 6,
               "y": 7
            },
            "type": "View",
            "title": "New Summary view",
            "config": {
               "refreshInterval": 300,
               "resource": null,
               "traversalSpecId": "",
               "refreshContent": {"refreshContent": false},
               "isUpdatedView": true,
               "chartViewItems": [],
               "selectFirstRow": {"selectFirstRow": false},
               "selfProvider": {"selfProvider": false},
               "title": "New Summary view",
               "viewDefinitionId": "5c6182b9-f0ec-44c3-ab12-89b0111246dd"
            },
            "height": 324,
            "states": [
               {
                  "value": "b%3A0",
                  "key": "perm_isDashboardTime_widget_3c59d202-a6d9-4bad-bd67-691e1ada6a42_29dd9c42-9fbb-43ce-90dd-b079b1313911"
               },
               {
                  "value": "o%3Acolumns%3Da%253Ao%25253Aid%25253Ds%2525253ApermTableView_widget_3c59d202-a6d9-4bad-bd67-691e1ada6a42_29dd9c42-9fbb-43ce-90dd-b079b1313911-column-0%25255Ehidden%25253Db%2525253A0%255Eo%25253Aid%25253Ds%2525253ApermTableView_widget_3c59d202-a6d9-4bad-bd67-691e1ada6a42_29dd9c42-9fbb-43ce-90dd-b079b1313911-column-cost%2525257CeffectiveProjectedTotalCost1%25255Ehidden%25253Db%2525253A0",
                  "key": "permTableView_widget_3c59d202-a6d9-4bad-bd67-691e1ada6a42_29dd9c42-9fbb-43ce-90dd-b079b1313911"
               }
            ]
         }
      ],
      "userId": "4a6fa372-7677-47f6-b14f-5119df0ca7a5",
      "states": [],
      "homeTab": false,
      "name": "vSAN Detailed View",
      "gridsterMaxColumns": 12,
      "rank": 0,
      "disabled": false,
      "id": "3c59d202-a6d9-4bad-bd67-691e1ada6a42",
      "locked": false,
      "dashboardNavigations": {},
      "widgetInteractions": [],
      "lastUpdateTime": 1747048429889
   }],
   "uuid": "bc6745a0-cf37-414b-9f39-a3b655f99315"
}