{
   "entries": {
      "resourceKind": [
         {
            "resourceKindKey": "CacheDisk",
            "internalId": "resourceKind:id:0_::_",
            "adapterKindKey": "VirtualAndPhysicalSANAdapter"
         },
         {
            "resourceKindKey": "HostSystem",
            "internalId": "resourceKind:id:2_::_",
            "adapterKindKey": "VMWARE"
         },
         {
            "resourceKindKey": "VirtualSANDCCluster",
            "internalId": "resourceKind:id:4_::_",
            "adapterKindKey": "VirtualAndPhysicalSANAdapter"
         },
         {
            "resourceKindKey": "VirtualSANDiskGroup",
            "internalId": "resourceKind:id:1_::_",
            "adapterKindKey": "VirtualAndPhysicalSANAdapter"
         },
         {
            "resourceKindKey": "CapacityDisk",
            "internalId": "resourceKind:id:3_::_",
            "adapterKindKey": "VirtualAndPhysicalSANAdapter"
         }
      ],
      "resource": [{
         "resourceKindKey": "vSAN World",
         "internalId": "resource:id:0_::_",
         "adapterKindKey": "VirtualAndPhysicalSANAdapter",
         "identifiers": [],
         "name": "vSAN World"
      }]
   },
   "dashboards": [{
      "shared": false,
      "temporary": false,
      "hidden": false,
      "creationTime": 1746562684690,
      "autoswitchEnabled": false,
      "importAttempts": 0,
      "columnProportion": "1-1",
      "importComplete": true,
      "description": "Monitor and troubleshoot the availability related problems of vSAN Clusters.",
      "widgets": [
         {
            "collapsed": false,
            "id": "400a1238-3128-40ef-a631-9d2c542fda80",
            "gridsterCoords": {
               "w": 4,
               "x": 1,
               "h": 6,
               "y": 1
            },
            "type": "View",
            "title": "vSAN OSA Clusters",
            "config": {
               "refreshInterval": 300,
               "resource": {
                  "resourceId": "resource:id:0_::_",
                  "traversalSpecId": "",
                  "resourceName": "vSAN World",
                  "id": "Ext.vcops.chrome.model.Resource-2",
                  "resourceKindId": "002028VirtualAndPhysicalSANAdaptervSAN World"
               },
               "traversalSpecId": null,
               "refreshContent": {"refreshContent": false},
               "isUpdatedView": true,
               "chartViewItems": [],
               "selectFirstRow": {"selectFirstRow": false},
               "selfProvider": {"selfProvider": true},
               "title": "vSAN OSA Clusters",
               "viewDefinitionId": "c53a0558-ae51-4878-9397-b9a0e5281920"
            },
            "height": 324,
            "states": [
               {
                  "value": "b%3A0",
                  "key": "perm_toolbarVisible_widget_61852338-8faf-4de4-8b75-27c9935afbfa_400a1238-3128-40ef-a631-9d2c542fda80"
               },
               {
                  "value": "o%3Acolumns%3Da%253Ao%25253Aid%25253Ds%2525253ApermTableView_widget_61852338-8faf-4de4-8b75-27c9935afbfa_400a1238-3128-40ef-a631-9d2c542fda80-column-0%25255Ehidden%25253Db%2525253A0%255Eo%25253Aid%25253Ds%2525253ApermTableView_widget_61852338-8faf-4de4-8b75-27c9935afbfa_400a1238-3128-40ef-a631-9d2c542fda80-column-OnlineCapacityAnalytics%2525257CcapacityRemainingPercentage1%25255Ehidden%25253Db%2525253A0%255Eo%25253Aid%25253Ds%2525253ApermTableView_widget_61852338-8faf-4de4-8b75-27c9935afbfa_400a1238-3128-40ef-a631-9d2c542fda80-column-OnlineCapacityAnalytics%2525257CtimeRemaining2%25255Ehidden%25253Db%2525253A0%255Eo%25253Aid%25253Ds%2525253ApermTableView_widget_61852338-8faf-4de4-8b75-27c9935afbfa_400a1238-3128-40ef-a631-9d2c542fda80-column-vsan%2525257CdiskSpace%2525257CtotalDiskSpace3%25255Ehidden%25253Db%2525253A0",
                  "key": "permTableView_widget_61852338-8faf-4de4-8b75-27c9935afbfa_400a1238-3128-40ef-a631-9d2c542fda80"
               }
            ]
         },
         {
            "collapsed": false,
            "id": "7c3ef522-5d8e-4d67-8fb3-95026df5736c",
            "gridsterCoords": {
               "w": 4,
               "x": 5,
               "h": 6,
               "y": 7
            },
            "type": "Heatmap",
            "title": "Is Disk Group Space Utilization balanced?",
            "config": {
               "mode": "all",
               "configs": [{
                  "colorBy": {
                     "metricKey": "diskspace|capacityUsage",
                     "value": "Disk Space|Usage (%)"
                  },
                  "focusOnGroups": false,
                  "color": {
                     "thresholds": {
                        "values": [
                           0,
                           50,
                           100
                        ],
                        "colors": [
                           "#96BB69",
                           "#E6CB6D",
                           "#DF6E61"
                        ]
                     },
                     "minValue": 25,
                     "maxValue": 75
                  },
                  "sizeBy": {
                     "metricKey": null,
                     "value": ""
                  },
                  "relationalGrouping": false,
                  "groupBy": {
                     "originalText": "vSAN Cluster",
                     "typeId": "resourceKind:id:0_::_",
                     "id": "004null002028VirtualAndPhysicalSANAdapterVirtualSANDCCluster",
                     "text": "vSAN Cluster",
                     "type": "resourceKind",
                     "parentText": "vSAN Adapter",
                     "parentId": "VirtualAndPhysicalSANAdapter"
                  },
                  "attributeKind": {"value": ""},
                  "thenBy": null,
                  "mode": {"mode": false},
                  "resourceKind": "resourceKind:id:1_::_",
                  "filterMode": "tagPicker",
                  "solidColoring": false,
                  "name": "Disk Group utilization"
               }],
               "depth": 10,
               "refreshInterval": 300,
               "resource": [],
               "refreshContent": {"refreshContent": false},
               "relationshipMode": {"relationshipMode": -1},
               "selfProvider": {"selfProvider": false},
               "title": "Is Disk Group Space Utilization balanced?",
               "value": 0
            },
            "height": 324,
            "states": [{
               "value": "o%3A",
               "key": "perm_HeatMap_widget_61852338-8faf-4de4-8b75-27c9935afbfa_7c3ef522-5d8e-4d67-8fb3-95026df5736c"
            }]
         },
         {
            "collapsed": false,
            "id": "b10bf5f4-1cc6-4f0e-bd32-a5aabac332f5",
            "gridsterCoords": {
               "w": 4,
               "x": 1,
               "h": 6,
               "y": 13
            },
            "type": "View",
            "title": "Utilization",
            "config": {
               "refreshInterval": 60,
               "resource": null,
               "traversalSpecId": "",
               "refreshContent": {"refreshContent": true},
               "isUpdatedView": true,
               "chartViewItems": [],
               "selectFirstRow": {"selectFirstRow": false},
               "selfProvider": {"selfProvider": false},
               "title": "Utilization",
               "viewDefinitionId": "21e8981e-95fb-428a-a8e3-4d83bb49350c"
            },
            "height": 324,
            "states": [
               {
                  "value": "b%3A0",
                  "key": "perm_toolbarVisible_widget_61852338-8faf-4de4-8b75-27c9935afbfa_b10bf5f4-1cc6-4f0e-bd32-a5aabac332f5"
               },
               {
                  "value": "b%3A0",
                  "key": "perm_isDashboardTime_widget_61852338-8faf-4de4-8b75-27c9935afbfa_b10bf5f4-1cc6-4f0e-bd32-a5aabac332f5"
               }
            ]
         },
         {
            "collapsed": false,
            "id": "320909b0-a2d7-4994-a524-9d09171e94be",
            "gridsterCoords": {
               "w": 4,
               "x": 9,
               "h": 6,
               "y": 7
            },
            "type": "Heatmap",
            "title": "Is Capacity Disk Space Utilization balanced?",
            "config": {
               "mode": "all",
               "configs": [{
                  "colorBy": {
                     "metricKey": "vSAN|Health|Capacity|UsedDiskCapacityPercent",
                     "value": "vSAN|Health|Capacity|Used Disk Capacity (%)"
                  },
                  "focusOnGroups": false,
                  "color": {
                     "thresholds": {
                        "values": [
                           0,
                           50,
                           100
                        ],
                        "colors": [
                           "#96BB69",
                           "#E6CB6D",
                           "#DF6E61"
                        ]
                     },
                     "minValue": 25,
                     "maxValue": 75
                  },
                  "sizeBy": {
                     "metricKey": null,
                     "value": ""
                  },
                  "relationalGrouping": false,
                  "groupBy": {
                     "originalText": "Host System",
                     "resourceKind": "HostSystem",
                     "adapterKind": "VMWARE",
                     "typeId": "resourceKind:id:2_::_",
                     "id": "004null002006VMWAREHostSystem",
                     "text": "Host System",
                     "type": "resourceKind",
                     "parentText": "vCenter Adapter",
                     "parentId": "VMWARE"
                  },
                  "attributeKind": {"value": ""},
                  "thenBy": null,
                  "mode": {"mode": false},
                  "resourceKind": "resourceKind:id:3_::_",
                  "filterMode": "tagPicker",
                  "solidColoring": false,
                  "name": "Capacity Disk Free Space"
               }],
               "depth": 10,
               "refreshInterval": 300,
               "resource": [],
               "refreshContent": {"refreshContent": false},
               "relationshipMode": {"relationshipMode": -1},
               "selfProvider": {"selfProvider": false},
               "title": "Is Capacity Disk Space Utilization balanced?",
               "value": 0
            },
            "height": 324,
            "states": [{
               "value": "o%3A",
               "key": "perm_HeatMap_widget_61852338-8faf-4de4-8b75-27c9935afbfa_320909b0-a2d7-4994-a524-9d09171e94be"
            }]
         },
         {
            "collapsed": false,
            "id": "6f48ddfd-c7e6-4abd-abba-e0cfd3ae77db",
            "gridsterCoords": {
               "w": 8,
               "x": 5,
               "h": 6,
               "y": 1
            },
            "type": "Scoreboard",
            "title": "vSAN Cluster KPIs",
            "config": {
               "maxCellCount": 100,
               "oldMetricValues": false,
               "relationshipMode": {"relationshipMode": 0},
               "valueSize": 24,
               "title": "vSAN Cluster KPIs",
               "boxHeight": null,
               "showResourceName": {"showResourceName": false},
               "roundDecimals": null,
               "mode": {"layoutMode": "fixedView"},
               "labelSize": 16,
               "customFilter": {
                  "filter": [],
                  "excludedResources": null,
                  "includedResources": null
               },
               "selfProvider": {"selfProvider": false},
               "resInteractionMode": null,
               "visualTheme": 6,
               "showMetricName": {"showMetricName": true},
               "refreshInterval": 60,
               "resource": [],
               "showDT": {"showDT": false},
               "refreshContent": {"refreshContent": true},
               "showMetricUnit": {"showMetricUnit": true},
               "depth": 1,
               "metric": {
                  "mode": "resourceKind",
                  "resourceMetrics": [],
                  "resourceKindMetrics": [
                     {
                        "yellowBound": null,
                        "metricUnitId": -1,
                        "metricName": "KPI|Max Capacity Disk Latency",
                        "metricKey": "kpi|capacityDiskLatency_max",
                        "handleOldColoring": false,
                        "link": "",
                        "resourceKindName": "vSAN Cluster",
                        "isStringMetric": false,
                        "resourceKindId": "resourceKind:id:4_::_",
                        "orangeBound": null,
                        "unit": "Auto",
                        "redBound": null,
                        "id": "extModel11772-1",
                        "colorMethod": 1
                     },
                     {
                        "yellowBound": null,
                        "metricName": "KPI|Max Capacity Disk IOPS",
                        "metricKey": "kpi|capacityDiskIops_max",
                        "handleOldColoring": false,
                        "link": "",
                        "resourceKindName": "vSAN Cluster",
                        "isStringMetric": false,
                        "resourceKindId": "resourceKind:id:4_::_",
                        "redBound": null,
                        "id": "extModel11772-2",
                        "orangeBound": null,
                        "colorMethod": 1
                     },
                     {
                        "yellowBound": null,
                        "metricName": "KPI|Max Disk Group Congestion",
                        "metricKey": "kpi|diskGroupCongestion_max",
                        "handleOldColoring": false,
                        "link": "",
                        "resourceKindName": "vSAN Cluster",
                        "isStringMetric": false,
                        "resourceKindId": "resourceKind:id:4_::_",
                        "redBound": null,
                        "id": "extModel11772-3",
                        "orangeBound": null,
                        "colorMethod": 1
                     },
                     {
                        "yellowBound": null,
                        "metricUnitId": -1,
                        "metricName": "KPI|Max Disk Group Read Cache/Write Buffer Latency",
                        "metricKey": "kpi|diskGroupCacheLatency_max",
                        "handleOldColoring": false,
                        "link": "",
                        "resourceKindName": "vSAN Cluster",
                        "isStringMetric": false,
                        "resourceKindId": "resourceKind:id:4_::_",
                        "orangeBound": null,
                        "unit": "Auto",
                        "redBound": null,
                        "id": "extModel11772-4",
                        "colorMethod": 1
                     },
                     {
                        "yellowBound": null,
                        "metricUnitId": -1,
                        "metricName": "KPI|Min Disk Group Capacity Free",
                        "metricKey": "kpi|diskGroupCapacityFree_min",
                        "handleOldColoring": false,
                        "link": "",
                        "resourceKindName": "vSAN Cluster",
                        "isStringMetric": false,
                        "resourceKindId": "resourceKind:id:4_::_",
                        "orangeBound": null,
                        "unit": "Auto",
                        "redBound": null,
                        "id": "extModel11772-5",
                        "colorMethod": 1
                     },
                     {
                        "yellowBound": null,
                        "metricUnitId": -1,
                        "metricName": "KPI|Min Disk Group Read Cache Hit Rate",
                        "metricKey": "kpi|diskGroupReadCacheHitRate_min",
                        "handleOldColoring": false,
                        "link": "",
                        "resourceKindName": "vSAN Cluster",
                        "isStringMetric": false,
                        "resourceKindId": "resourceKind:id:4_::_",
                        "orangeBound": null,
                        "unit": "Auto",
                        "redBound": null,
                        "id": "extModel11772-6",
                        "colorMethod": 1
                     },
                     {
                        "yellowBound": null,
                        "metricUnitId": -1,
                        "metricName": "KPI|Min Storage Pool Free Capacity",
                        "metricKey": "kpi|storagePoolCapacityFree_min",
                        "handleOldColoring": false,
                        "link": "",
                        "resourceKindName": "vSAN Cluster",
                        "isStringMetric": false,
                        "resourceKindId": "resourceKind:id:4_::_",
                        "orangeBound": null,
                        "unit": "Auto",
                        "redBound": null,
                        "id": "extModel11772-7",
                        "colorMethod": 1
                     },
                     {
                        "yellowBound": null,
                        "metricName": "KPI|Sum Disk Group Errors",
                        "metricKey": "kpi|diskGroupErrors_sum",
                        "handleOldColoring": false,
                        "link": "",
                        "resourceKindName": "vSAN Cluster",
                        "isStringMetric": false,
                        "resourceKindId": "resourceKind:id:4_::_",
                        "redBound": null,
                        "id": "extModel11772-8",
                        "orangeBound": null,
                        "colorMethod": 1
                     },
                     {
                        "yellowBound": null,
                        "metricUnitId": -1,
                        "metricName": "Summary|Max vSAN CPU Ready",
                        "metricKey": "summary|max_vsan_cpu_ready",
                        "handleOldColoring": false,
                        "link": "",
                        "resourceKindName": "vSAN Cluster",
                        "isStringMetric": false,
                        "resourceKindId": "resourceKind:id:4_::_",
                        "orangeBound": null,
                        "unit": "Auto",
                        "redBound": null,
                        "id": "extModel2136-4",
                        "colorMethod": 1
                     },
                     {
                        "yellowBound": null,
                        "metricUnitId": "tb",
                        "metricName": "Summary|Present Capacity Remaining",
                        "metricKey": "summary|cluster_capacity_remaining",
                        "handleOldColoring": false,
                        "link": "",
                        "resourceKindName": "vSAN Cluster",
                        "isStringMetric": false,
                        "resourceKindId": "resourceKind:id:4_::_",
                        "label": "Capacity Remaining (TB)",
                        "orangeBound": null,
                        "unit": "TB",
                        "redBound": null,
                        "id": "extModel2136-3",
                        "colorMethod": 1
                     },
                     {
                        "yellowBound": null,
                        "metricUnitId": -1,
                        "metricName": "Summary|Present Capacity Remaining",
                        "metricKey": "summary|cluster_capacity_remaining_percent",
                        "handleOldColoring": false,
                        "link": "",
                        "resourceKindName": "vSAN Cluster",
                        "isStringMetric": false,
                        "resourceKindId": "resourceKind:id:4_::_",
                        "label": "Capacity Remaining (%)",
                        "orangeBound": null,
                        "unit": "Auto",
                        "redBound": null,
                        "id": "extModel2136-1",
                        "colorMethod": 1
                     },
                     {
                        "yellowBound": null,
                        "metricUnitId": -1,
                        "metricName": "Capacity Analytics Generated|Time Remaining",
                        "metricKey": "OnlineCapacityAnalytics|timeRemaining",
                        "handleOldColoring": false,
                        "link": "",
                        "resourceKindName": "vSAN Cluster",
                        "isStringMetric": false,
                        "resourceKindId": "resourceKind:id:4_::_",
                        "orangeBound": null,
                        "unit": "Auto",
                        "redBound": null,
                        "id": "extModel2136-2",
                        "colorMethod": 1
                     }
                  ],
                  "subMode": "resourceKindAll"
               },
               "showSparkline": {"showSparkline": false},
               "boxColumns": 4,
               "periodLength": null
            },
            "height": 324
         },
         {
            "collapsed": false,
            "id": "329d00a3-f150-4d03-8dec-0068ec5b845a",
            "gridsterCoords": {
               "w": 4,
               "x": 1,
               "h": 6,
               "y": 7
            },
            "type": "Heatmap",
            "title": "Are any vSAN Hosts Facing CPU Ready?",
            "config": {
               "mode": "all",
               "configs": [{
                  "colorBy": {
                     "metricKey": "vsan|performance|vsancpu|readyPct",
                     "value": "vSAN|Performance|CPU|Ready (%)"
                  },
                  "focusOnGroups": true,
                  "color": {"thresholds": {
                     "values": [
                        0,
                        50,
                        100
                     ],
                     "colors": [
                        "#96BB69",
                        "#EACC58",
                        "#E4695E"
                     ]
                  }},
                  "sizeBy": {
                     "metricKey": null,
                     "value": ""
                  },
                  "relationalGrouping": false,
                  "groupBy": {
                     "resourceKind": "VirtualSANDCCluster",
                     "adapterKind": "VirtualAndPhysicalSANAdapter",
                     "typeId": "resourceKind:id:4_::_",
                     "id": "004null002028VirtualAndPhysicalSANAdapterVirtualSANDCCluster",
                     "text": "vSAN Cluster",
                     "type": "resourceKind",
                     "parentText": "vSAN Adapter",
                     "parentId": "VirtualAndPhysicalSANAdapter"
                  },
                  "attributeKind": {"value": ""},
                  "thenBy": null,
                  "mode": {"mode": false},
                  "resourceKind": "resourceKind:id:2_::_",
                  "filterMode": "tagPicker",
                  "solidColoring": false,
                  "name": "vSAN Host Status"
               }],
               "depth": 10,
               "refreshInterval": 60,
               "resource": [],
               "refreshContent": {"refreshContent": true},
               "relationshipMode": {"relationshipMode": [
                  1,
                  -1,
                  0
               ]},
               "selfProvider": {"selfProvider": false},
               "title": "Are any vSAN Hosts Facing CPU Ready?",
               "value": 0
            },
            "height": 324,
            "states": [{
               "value": "o%3A",
               "key": "perm_HeatMap_widget_61852338-8faf-4de4-8b75-27c9935afbfa_329d00a3-f150-4d03-8dec-0068ec5b845a"
            }]
         }
      ],
      "states": [],
      "homeTab": false,
      "rank": 0,
      "disabled": false,
      "id": "61852338-8faf-4de4-8b75-27c9935afbfa",
      "adapterName": "Management Pack for Storage Area Network",
      "locked": false,
      "dashboardNavigations": {
         "329d00a3-f150-4d03-8dec-0068ec5b845a": [{
            "id": "3c59d202-a6d9-4bad-bd67-691e1ada6a42",
            "widgets": [
               {
                  "interactionType": "resourceId",
                  "id": "b94620b4-5ddc-49f8-ad8a-8dc886761177"
               },
               {
                  "interactionType": "resourceId",
                  "id": "2db15fac-5fd2-42ef-92fb-8ba66ebec671"
               },
               {
                  "interactionType": "resourceId",
                  "id": "29dd9c42-9fbb-43ce-90dd-b079b1313911"
               }
            ]
         }],
         "320909b0-a2d7-4994-a524-9d09171e94be": [{
            "id": "3c59d202-a6d9-4bad-bd67-691e1ada6a42",
            "widgets": [
               {
                  "interactionType": "resourceId",
                  "id": "b94620b4-5ddc-49f8-ad8a-8dc886761177"
               },
               {
                  "interactionType": "resourceId",
                  "id": "2db15fac-5fd2-42ef-92fb-8ba66ebec671"
               },
               {
                  "interactionType": "resourceId",
                  "id": "29dd9c42-9fbb-43ce-90dd-b079b1313911"
               }
            ]
         }],
         "7c3ef522-5d8e-4d67-8fb3-95026df5736c": [{
            "id": "3c59d202-a6d9-4bad-bd67-691e1ada6a42",
            "widgets": [
               {
                  "interactionType": "resourceId",
                  "id": "b94620b4-5ddc-49f8-ad8a-8dc886761177"
               },
               {
                  "interactionType": "resourceId",
                  "id": "2db15fac-5fd2-42ef-92fb-8ba66ebec671"
               },
               {
                  "interactionType": "resourceId",
                  "id": "29dd9c42-9fbb-43ce-90dd-b079b1313911"
               }
            ]
         }]
      },
      "widgetInteractions": [
         {
            "widgetIdProvider": "400a1238-3128-40ef-a631-9d2c542fda80",
            "type": "resourceId",
            "widgetIdReceiver": "7c3ef522-5d8e-4d67-8fb3-95026df5736c"
         },
         {
            "widgetIdProvider": "400a1238-3128-40ef-a631-9d2c542fda80",
            "type": "resourceId",
            "widgetIdReceiver": "b10bf5f4-1cc6-4f0e-bd32-a5aabac332f5"
         },
         {
            "widgetIdProvider": "400a1238-3128-40ef-a631-9d2c542fda80",
            "type": "resourceId",
            "widgetIdReceiver": "320909b0-a2d7-4994-a524-9d09171e94be"
         },
         {
            "widgetIdProvider": "400a1238-3128-40ef-a631-9d2c542fda80",
            "type": "resourceId",
            "widgetIdReceiver": "6f48ddfd-c7e6-4abd-abba-e0cfd3ae77db"
         },
         {
            "widgetIdProvider": "400a1238-3128-40ef-a631-9d2c542fda80",
            "type": "resourceId",
            "widgetIdReceiver": "329d00a3-f150-4d03-8dec-0068ec5b845a"
         }
      ],
      "namePath": "Availability",
      "lastUpdateUserId": "4a6fa372-7677-47f6-b14f-5119df0ca7a5",
      "docCenterKey": "vcom_794",
      "columnCount": 1,
      "userId": "4a6fa372-7677-47f6-b14f-5119df0ca7a5",
      "name": "vSAN Overview",
      "gridsterMaxColumns": 12,
      "lastUpdateTime": 1747048354011
   }],
   "uuid": "0a723137-9b22-4e2c-a0d3-2de65f9e98f6"
}